municipality,iata_code,latitude_deg,longitude_deg,iso_country
Honiara,HIR,-9.428,160.054993,SB
Port Moresby,POM,-9.443380355834961,147.22000122070312,PG
Reykjavík,KEF,63.985001,-22.6056,IS
Edmonton,YEG,53.309700012200004,-113.580001831,CA
Halifax,YHZ,44.8807983398,-63.5085983276,CA
Ottawa,YOW,45.322498,-75.669197,CA
Quebec,YQB,46.7911,-71.393303,CA
Montréal,YUL,45.4706001282,-73.7407989502,CA
Vancouver,YVR,49.193901062,-123.183998108,CA
Winnipeg,YWG,49.909999847399995,-97.2398986816,CA
Abbotsford,YXX,49.025299,-122.361,CA
Calgary,YYC,51.113899231,-114.019996643,CA
Victoria,YYJ,48.6469,-123.426003,CA
St. John's,YYT,47.618598938,-52.7518997192,CA
Toronto,YYZ,43.6772003174,-79.63059997559999,CA
Algiers,ALG,36.693886,3.214531,DZ
Accra,ACC,5.605189800262451,-0.16678600013256073,GH
Abuja,ABV,9.006790161132812,7.263169765472412,NG
Lagos,LOS,6.5773701667785645,3.321160078048706,NG
Niamey,NIM,13.4815,2.18361,NE
Tunis,TUN,36.851002,10.2272,TN
Zaventem,BRU,50.901402,4.48444,BE
Berlin,BER,52.362247,13.500672,DE
Frankfurt am Main,FRA,50.036521,8.561268,DE
Hamburg,HAM,53.630402,9.98823,DE
Köln (Cologne),CGN,50.865898,7.14274,DE
Düsseldorf,DUS,51.289501,6.76678,DE
Munich,MUC,48.353802,11.7861,DE
Nuremberg,NUE,49.498699,11.078056,DE
Leipzig,LEJ,51.423889,12.236389,DE
Stuttgart,STR,48.689899444599995,9.22196006775,DE
Hannover,HAJ,52.461102,9.68508,DE
Tallinn,TLL,59.41329956049999,24.832799911499997,EE
Helsinki,HEL,60.3172,24.963301,FI
Belfast,BFS,54.6575012207,-6.2158298492399995,GB
Birmingham,BHX,52.453899383499994,-1.74802994728,GB
Manchester,MAN,53.349375,-2.279521,GB
London,LTN,51.874698638916016,-0.36833301186561584,GB
London,LGW,51.148102,-0.190278,GB
London,LHR,51.4706,-0.461941,GB
"Paisley, Renfrewshire",GLA,55.871899,-4.43306,GB
Edinburgh,EDI,55.950145,-3.372288,GB
London,STN,51.8849983215,0.234999999404,GB
Amsterdam,AMS,52.308601,4.76389,NL
Eindhoven,EIN,51.4500999451,5.37452983856,NL
Dublin,DUB,53.428713,-6.262121,IE
Shannon,SNN,52.702,-8.92482,IE
Billund,BLL,55.7402992249,9.15178012848,DK
Copenhagen,CPH,55.617900848389,12.656000137329,DK
Luxembourg,LUX,49.6233333,6.2044444,LU
Bergen,BGO,60.2934,5.21814,NO
Oslo,OSL,60.193901,11.1004,NO
Tromsø,TOS,69.683296,18.9189,NO
Trondheim,TRD,63.457802,10.924,NO
Stavanger,SVG,58.876701,5.63778,NO
Gdańsk,GDN,54.377601623535156,18.46619987487793,PL
Kraków,KRK,50.077702,19.7848,PL
Warsaw,WAW,52.1656990051,20.967100143399996,PL
Gothenburg,GOT,57.662799835205,12.279800415039,SE
Stockholm,ARN,59.651901245117,17.918600082397,SE
Riga,RIX,56.923599,23.9711,LV
Vilnius,VNO,54.634102,25.285801,LT
Cape Town,CPT,-33.9648017883,18.6016998291,ZA
Durban,DUR,-29.6144444444,31.1197222222,ZA
Johannesburg,JNB,-26.1392,28.246,ZA
Gaborone,GBE,-24.555201,25.9182,BW
Mpaka,SHO,-26.358611,31.716944,SZ
Plaine Magnein,MRU,-20.430201,57.683601,MU
Lusaka,LUN,-15.330833,28.452722,ZM
St Denis,RUN,-20.8871,55.5103,RE
Antananarivo,TNR,-18.7969,47.478802,MG
Luanda,LAD,-8.85837,13.2312,AO
Maputo,MPM,-25.920799,32.572601,MZ
Mahe Island,SEZ,-4.67434,55.521801,SC
N'Djamena,NDJ,12.1337,15.034,TD
Harare,HRE,-17.931801,31.0928,ZW
Windhoek,WDH,-22.4799,17.4709,NA
Kinshasa,FIH,-4.38575,15.4446,CD
Bamako,BKO,12.5335,-7.94994,ML
Banjul,BJL,13.338,-16.652201,GM
El Matorral,FUE,28.4527,-13.8638,ES
Gran Canaria Island,LPA,27.9319,-15.3866,ES
San Bartolomé,ACE,28.945499,-13.6052,ES
Tenerife,TFS,28.0445,-16.5725,ES
Freetown (Lungi-Town),FNA,8.61644,-13.1955,SL
Monrovia,ROB,6.23379,-10.3623,LR
Casablanca,CMN,33.36750030517578,-7.589970111846924,MA
Dakar,DSS,14.67,-17.073333,SN
Nouakchott,NKC,18.31,-15.9697222,MR
Espargos,SID,16.7414,-22.9494,CV
Addis Ababa,ADD,8.97789,38.799301,ET
Djibouti City,JIB,11.5473,43.1595,DJ
Cairo,CAI,30.111534,31.396694,EG
Hurghada,HRG,27.180325,33.807292,EG
Sharm El Sheikh,SSH,27.978902,34.385598,EG
Juba,JUB,4.87201,31.601101,SS
Nairobi,NBO,-1.31923997402,36.9277992249,KE
Mombasa,MBA,-4.03483,39.5942,KE
Tripoli,MJI,32.89177,13.287878,LY
Kigali,KGL,-1.96863,30.1395,RW
Khartoum,KRT,15.5895,32.5532,SD
Dar es Salaam,DAR,-6.87811,39.202599,TZ
Zanzibar,ZNZ,-6.22202,39.224899,TZ
Kampala,EBB,0.042386,32.443501,UG
Camp Springs,ADW,38.810799,-76.866997,US
Atlanta,ATL,33.6367,-84.428101,US
Austin,AUS,30.197535,-97.662015,US
Nashville,BNA,36.1245002746582,-86.6781997680664,US
Boston,BOS,42.3643,-71.005203,US
Buffalo,BUF,42.94049835,-78.73220062,US
Baltimore,BWI,39.1754,-76.668297,US
Cleveland,CLE,41.4117012024,-81.8498001099,US
Charlotte,CLT,35.2140007019043,-80.94309997558594,US
Camarillo,,34.213699,-119.094002,US
Columbus,CMH,39.998001,-82.891899,US
Cincinnati / Covington,CVG,39.048801,-84.667801,US
Washington,DCA,38.8521,-77.037697,US
Denver,DEN,39.861698150635,-104.672996521,US
Dallas-Fort Worth,DFW,32.896801,-97.038002,US
Detroit,DTW,42.212398529052734,-83.35340118408203,US
Newark,EWR,40.692501,-74.168701,US
Fort Lauderdale,FLL,26.072599,-80.152702,US
Dulles,IAD,38.9445,-77.455803,US
Houston,IAH,29.984399795532227,-95.34140014648438,US
Indianapolis,IND,39.7173,-86.294403,US
Jacksonville,JAX,30.49410057067871,-81.68789672851562,US
New York,JFK,40.639447,-73.779317,US
Las Vegas,LAS,36.083361,-115.151817,US
Los Angeles,LAX,33.942501,-118.407997,US
New York,LGA,40.777199,-73.872597,US
Kansas City,MCI,39.2976,-94.713898,US
Orlando,MCO,28.429399490356445,-81.30899810791016,US
Chicago,MDW,41.785999,-87.752403,US
Memphis,MEM,35.04240036010742,-89.97669982910156,US
Miami,MIA,25.79319953918457,-80.29060363769531,US
Milwaukee,MKE,42.947200775146484,-87.89659881591797,US
Minneapolis,MSP,44.882,-93.221802,US
New Orleans,MSY,29.99340057373047,-90.25800323486328,US
Oakland,OAK,37.721298,-122.221001,US
Ontario,ONT,34.055999755859375,-117.60099792480469,US
Chicago,ORD,41.9786,-87.9048,US
West Palm Beach,PBI,26.68320083618164,-80.09559631347656,US
Portland,PDX,45.58869934,-122.5979996,US
Philadelphia,PHL,39.87189865112305,-75.24109649658203,US
Phoenix,PHX,33.435302,-112.005905,US
Pittsburgh,PIT,40.49150085,-80.23290253,US
Providence,PVD,41.725038,-71.425668,US
Portland,PWM,43.646198,-70.309303,US
Raleigh/Durham,RDU,35.877601623535156,-78.7874984741211,US
Richmond,RIC,37.50519943237305,-77.3197021484375,US
Reno,RNO,39.49909973144531,-119.76799774169922,US
Fort Myers,RSW,26.53619956970215,-81.75520324707031,US
San Diego,SAN,32.7336006165,-117.190002441,US
San Antonio,SAT,29.533701,-98.469803,US
Savannah,SAV,32.12760162,-81.20210266,US
Louisville,SDF,38.1744,-85.736,US
Seattle,SEA,47.449162,-122.311134,US
Orlando,SFB,28.777599334716797,-81.23750305175781,US
San Francisco,SFO,37.61899948120117,-122.375,US
San Jose,SJC,37.362452,-121.929188,US
Salt Lake City,SLC,40.785749,-111.979746,US
Sacramento,SMF,38.69540023803711,-121.59100341796875,US
Santa Ana,SNA,33.675701,-117.867996,US
St Louis,STL,38.748697,-90.370003,US
Syracuse,SYR,43.11119842529297,-76.1063003540039,US
Tampa,TPA,27.975500106811523,-82.533203125,US
Tulsa,TUL,36.19839859008789,-95.88809967041016,US
Tirana,TIA,41.4146995544,19.7206001282,AL
Burgas,BOJ,42.56959915161133,27.515199661254883,BG
Sofia,SOF,42.696693420410156,23.411436080932617,BG
Varna,VAR,43.232101,27.8251,BG
Larnaca,LCA,34.875099,33.624901,CY
Zagreb,ZAG,45.7429008484,16.0687999725,HR
Alicante,ALC,38.2822,-0.558156,ES
Barcelona,BCN,41.2971,2.07846,ES
Ibiza (Eivissa),IBZ,38.872898,1.37312,ES
Madrid,MAD,40.471926,-3.56264,ES
Málaga,AGP,36.6749,-4.49911,ES
Palma de Mallorca,PMI,39.551701,2.73881,ES
Santiago de Compostela,SCQ,42.896301,-8.41514,ES
Bordeaux/Mérignac,BOD,44.8283,-0.715556,FR
Toulouse/Blagnac,TLS,43.629101,1.36382,FR
Lyon,LYS,45.725556,5.081111,FR
Marseille,MRS,43.439271922,5.22142410278,FR
Nice,NCE,43.658401,7.21587,FR
Paris,CDG,49.012798,2.55,FR
Paris,ORY,48.7233333,2.3794444,FR
Bâle/Mulhouse,BSL,47.59,7.529167,FR
Athens,ATH,37.936401,23.9445,GR
Heraklion,HER,35.3396987915,25.180299758900002,GR
Thessaloniki,SKG,40.51969909667969,22.97089958190918,GR
Budapest,BUD,47.42976,19.261093,HU
Bari,BRI,41.138901,16.760599,IT
Brindisi,BDS,40.6576,17.947001,IT
Catania,CTA,37.466801,15.0664,IT
Palermo,PMO,38.175999,13.091,IT
Cagliari,CAG,39.251499,9.05428,IT
Milan,MXP,45.6306,8.72811,IT
Milan,BGY,45.673901,9.70417,IT
Torino,TRN,45.200802,7.64963,IT
Bologna,BLQ,44.5354,11.2887,IT
Villafranca di Verona,VRN,45.394955,10.887303,IT
Venice,VCE,45.505299,12.3519,IT
Rome,FCO,41.804532,12.251998,IT
Napoli,NAP,40.886002,14.2908,IT
Pisa,PSA,43.683899,10.3927,IT
Ljubljana,LJU,46.223701,14.4576,SI
Prague,PRG,50.1008,14.26,CZ
Tel Aviv,TLV,32.01139831542969,34.88669967651367,IL
Eilat,ETM,29.727009,35.014116,IL
Valletta,MLA,35.857498,14.4775,MT
Vienna,VIE,48.110298,16.5697,AT
Faro,FAO,37.0144004822,-7.96590995789,PT
Ponta Delgada,PDL,37.7411994934,-25.6979007721,PT
Porto,OPO,41.2481002808,-8.68138980865,PT
Lisbon,LIS,38.7813,-9.13592,PT
Bucharest,OTP,44.571111,26.085,RO
Geneva,GVA,46.23809814453125,6.108950138092041,CH
Zurich,ZRH,47.458056,8.548056,CH
Ankara,ESB,40.128101348899996,32.995098114,TR
Antalya,AYT,36.898701,30.800501,TR
"Bakırköy, Istanbul",ISL,40.971913,28.823714,TR
İzmir,ADB,38.2924,27.157,TR
Dalaman,DLM,36.7131004333,28.7924995422,TR
Bodrum,BJV,37.25059890749999,27.6643009186,TR
"Pendik, Istanbul",SAW,40.898602,29.3092,TR
"Arnavutköy, Istanbul",IST,41.261297,28.741951,TR
Skopje,SKP,41.961601,21.621401,MK
Belgrade,BEG,44.818401,20.309099,RS
Podgorica,TGD,42.359402,19.2519,ME
Bratislava,BTS,48.17020034790039,17.21269989013672,SK
Providenciales,PLS,21.773697,-72.268321,TC
Punta Cana,PUJ,18.567399978599997,-68.36340332030001,DO
Santo Domingo,SDQ,18.42970085144,-69.668899536133,DO
Guatemala City,GUA,14.5833,-90.527496,GT
Kingston,KIN,17.935699462890625,-76.7874984741211,JM
Acapulco,ACA,16.757099,-99.753998,MX
Guadalajara,GDL,20.521799,-103.310997,MX
Hermosillo,HMO,29.095899581900003,-111.047996521,MX
Mexico City,MEX,19.4363,-99.072098,MX
Mazatlán,MZT,23.1614,-106.265999,MX
Puerto Vallarta,PVR,20.680099,-105.253998,MX
San José del Cabo,SJD,23.1518,-109.721001,MX
Mexico City (Santa Lucía),NLU,19.7458,-99.0145,MX
Tijuana,TIJ,32.541099548339844,-116.97000122070312,MX
Cancún,CUN,21.036500930800003,-86.8770980835,MX
Tocumen,PTY,9.0713596344,-79.3834991455,PA
Liberia,LIR,10.5933,-85.544403,CR
San Salvador (San Luis Talpa),SAL,13.4409,-89.055702,SV
Port-au-Prince,PAP,18.58,-72.292503,HT
Havana,HAV,22.989200592041016,-82.40910339355469,CU
Matanzas,VRA,23.034401,-81.435303,CU
Georgetown,GCM,19.292800903299998,-81.3576965332,KY
Nassau,NAS,25.039,-77.466202,BS
Belize City,BZE,17.539951,-88.303556,BZ
Papeete,PPT,-17.553699,-149.606995,PF
Port Vila,VLI,-17.699301,168.320007,VU
Nouméa,GEA,-22.258301,166.473007,NC
Auckland,AKL,-37.01199,174.786331,NZ
Christchurch,CHC,-43.48939895629883,172.53199768066406,NZ
Wellington,WLG,-41.3272018433,174.804992676,NZ
Manama,BAH,26.267295,50.63764,BH
Ad Dammam,DMM,26.471200942993164,49.79790115356445,SA
Dhahran,DHA,26.2654,50.152,SA
Jeddah,JED,21.6796,39.156502,SA
Medina,MED,24.5534,39.705101,SA
Riyadh,RUH,24.957599639892578,46.69879913330078,SA
Tehran,IKA,35.416099548339844,51.152198791503906,IR
Tehran,THR,35.68920135498047,51.31340026855469,IR
Mashhad,MHD,36.235198974609375,59.64099884033203,IR
Shiraz,SYZ,29.5392,52.589802,IR
Amman,AMM,31.7226009369,35.9931983948,JO
Kuwait City,KWI,29.226600646972656,47.96889877319336,KW
Beirut,BEY,33.820899963378906,35.488399505615234,LB
Duqm,DQM,19.501944,57.634167,OM
Abu Dhabi,AUH,24.443764,54.651718,AE
Dubai,DXB,25.2527999878,55.3643989563,AE
Jebel Ali,DWC,24.896356,55.161389,AE
Sharjah,SHJ,25.32859992980957,55.5172004699707,AE
Muscat,MCT,23.593299865722656,58.284400939941406,OM
Attock,ISB,33.549,72.82566,PK
Karachi,KHI,24.9065,67.160797,PK
Lahore,LHE,31.521601,74.403603,PK
Baghdad,BGW,33.262501,44.2346,IQ
Damascus,DAM,33.4114990234375,36.51559829711914,SY
Doha,DOH,25.273056,51.608056,QA
Fairbanks,FAI,64.81510162,-147.8560028,US
Anchorage,ANC,61.1744,-149.996002,US
Hagåtña,GUM,13.4834,144.796005,GU
Honolulu,HNL,21.32062,-157.924228,US
Kaohsiung (Xiaogang),KHH,22.577101,120.349998,TW
Taoyuan (Dayuan),TPE,25.0777,121.233002,TW
Narita,NRT,35.764702,140.386002,JP
Osaka,KIX,34.427299,135.244003,JP
Sapporo,CTS,42.7752,141.692001,JP
Fukuoka,FUK,33.585899353027344,130.4510040283203,JP
Kagoshima,KOJ,31.80340003967285,130.718994140625,JP
Tokoname,NGO,34.8583984375,136.80499267578125,JP
Osaka,ITM,34.785499572753906,135.43800354003906,JP
Natori,SDJ,38.139702,140.917007,JP
Tokyo,HND,35.552299,139.779999,JP
Fussa,OKO,35.748501,139.348007,JP
Piseo-ri (Muan),MWX,34.991406,126.382814,KR
Jeju City,CJU,33.512058,126.492548,KR
Busan,PUS,35.179501,128.938004,KR
Seoul,ICN,37.46910095214844,126.45099639892578,KR
Seoul,GMP,37.5583,126.791,KR
Naha,OKA,26.195801,127.646004,JP
,DNA,26.351667,127.769444,JP
Manila,MNL,14.5086,121.019997,PH
Davao,DVO,7.12552,125.646004,PH
Lapu-Lapu City,CEB,10.309261,123.97974,PH
Lipetsk,,52.6349983215332,39.44499969482422,RU
Olenegorsk,,68.151802062988,33.463901519775,RU
Buenos Aires,AEP,-34.5592,-58.4156,AR
Buenos Aires (Ezeiza),EZE,-34.8222,-58.5358,AR
Belém,BEL,-1.379279,-48.476207,BR
Brasília,BSB,-15.869167,-47.920834,BR
Belo Horizonte,CNF,-19.63571,-43.966928,BR
Manaus,MAO,-3.03861,-60.049702,BR
Florianópolis,FLN,-27.670279,-48.552502,BR
Rio De Janeiro,GIG,-22.809999,-43.250557,BR
São Paulo,GRU,-23.431944,-46.467778,BR
Salvador,SSA,-12.908611,-38.322498,BR
Santiago,SCL,-33.393001556396484,-70.78579711914062,CL
Guayaquil,GYE,-2.15742,-79.883598,EC
Quito,UIO,-0.129166666667,-78.3575,EC
Bogota,BOG,4.70159,-74.1469,CO
Santa Cruz,VVI,-17.6448,-63.135399,BO
Zandery,PBM,5.45283,-55.187801,SR
Matoury,CAY,4.819964,-52.361326,GF
Lima,LIM,-12.0219,-77.114305,PE
Cusco,CUZ,-13.535699844400002,-71.9387969971,PE
Ciudad de la Costa,MVD,-34.835647,-56.026497,UY
Barcelona,BLA,10.111111,-64.692222,VE
Caracas,CCS,10.601194,-66.991222,VE
"Jiaozhou, Qingdao",TAO,36.361953,120.088171,CN
Fort-de-France,FDF,14.591,-61.003201,MQ
Pointe-à-Pitre,PTP,16.265301,-61.531799,GP
San Juan,SJU,18.4393997192,-66.0018005371,PR
Vieux Fort,UVF,13.7332,-60.952599,LC
Oranjestad,AUA,12.5014,-70.015198,AW
"Kralendijk, Bonaire",BON,12.131,-68.268501,BQ
Willemstad,CUR,12.1889,-68.959801,CW
Saint Martin,SXM,18.041,-63.108898,SX
Almaty,ALA,43.354267,77.042828,KZ
Nur-Sultan,NQZ,51.022202,71.466904,KZ
Bishkek,FRU,43.0612983704,74.4776000977,KG
,HSA,43.313126,68.549881,KZ
Baku,GYD,40.467498779296875,50.04669952392578,AZ
Yerevan,EVN,40.1473007202,44.3959007263,AM
Tbilisi,TBS,41.6692008972,44.95470047,GE
Artyom,VVO,43.396256,132.148155,RU
Boryspil,KBP,50.345001,30.894699,UA
Lviv,LWO,49.8125,23.9561,UA
St. Petersburg,LED,59.80030059814453,30.262500762939453,RU
Minsk,MSQ,53.888071,28.039964,BY
Krasnoyarsk,KJA,56.173077,92.492437,RU
Novosibirsk,OVB,55.019756,82.618675,RU
Rostov-on-Don,ROV,47.493888,39.924722,RU
Sochi,AER,43.449902,39.9566,RU
Yekaterinburg,SVX,56.743099212646,60.802700042725,RU
Ashgabat,ASB,37.986801,58.361,TM
Tashkent,TAS,41.257900238,69.2811965942,UZ
Moscow,ZIA,55.553299,38.150002,RU
Moscow,DME,55.40879821777344,37.90629959106445,RU
Moscow,SVO,55.972599,37.4146,RU
Moscow,VKO,55.5914993286,37.2615013123,RU
Kazan,KZN,55.606201171875,49.278701782227,RU
Saratov,GSV,51.712778,46.171111,RU
Ufa,UFA,54.557498931885,55.874401092529,RU
Samara,KUF,53.504901885986,50.16429901123,RU
Mumbai,BOM,19.0886993408,72.8678970337,IN
Vasco da Gama,GOI,15.3808,73.831398,IN
Colombo,CMB,7.180759906768799,79.88410186767578,LK
,HRI,6.284467,81.124128,LK
Phnom Penh (Pou Senchey),PNH,11.5466,104.844002,KH
Siem Reap,REP,13.41155,103.813044,KH
Kolkata,CCU,22.654699325561523,88.44670104980469,IN
Dhaka,DAC,23.843347,90.397783,BD
Islands,HKG,22.308901,113.915001,HK
New Delhi,DEL,28.55563,77.09519,IN
Nossa Senhora do Carmo,MFM,22.149599,113.592003,MO
Kathmandu,KTM,27.6966,85.3591,NP
Bangalore,BLR,13.1979,77.706299,IN
Kochi,COK,10.152,76.401901,IN
Hyderabad,HYD,17.231318,78.429855,IN
Chennai,MAA,12.990005,80.169296,IN
Thiruvananthapuram,TRV,8.48211956024,76.9200973511,IN
Malé,MLE,4.191830158233643,73.52909851074219,MV
Bangkok,DMK,13.9125995636,100.607002258,TH
Bangkok,BKK,13.681099891662598,100.74700164794922,TH
Chiang Mai,CNX,18.766799926799997,98.962600708,TH
Phuket,HKT,8.1132,98.316902,TH
Hanoi (Soc Son),HAN,21.221201,105.806999,VN
Ho Chi Minh City,SGN,10.8188,106.652,VN
Mandalay,MDL,21.702199935913086,95.97789764404297,MM
Yangon,RGN,16.907300949099998,96.1332015991,MM
Ujung Pandang,UPG,-5.06163,119.554001,ID
Denpasar,DPS,-8.74817,115.167,ID
Sentani,DJJ,-2.579627,140.519857,ID
Balikpapan,BPN,-1.268342,116.89452,ID
Surabaya,SUB,-7.37983,112.787003,ID
Bandar Seri Begawan,BWN,4.9442,114.928001,BN
Jakarta,CGK,-6.1255698204,106.65599823,ID
Sepang,KUL,2.74558,101.709999,MY
Singapore,SIN,1.35019,103.994003,SG
Brisbane,BNE,-27.384199142456055,153.11700439453125,AU
Melbourne,MEL,-37.673302,144.843002,AU
Yantai,YNT,37.659724,120.978124,CN
Adelaide,ADL,-34.947512,138.533393,AU
Eaton,DRW,-12.41497,130.88185,AU
Perth,PER,-31.94029998779297,115.96700286865234,AU
Sydney,SYD,-33.94609832763672,151.177001953125,AU
Beijing,PEK,40.080101013183594,116.58499908447266,CN
Beijing,PKX,39.509945,116.41092,CN
Hohhot,HET,40.849658,111.824598,CN
Tianjin,TSN,39.124401092499994,117.346000671,CN
Taiyuan,TYN,37.746899,112.627998,CN
Guangzhou (Huadu),CAN,23.392401,113.299004,CN
Changsha (Changsha),CSX,28.189199,113.220001,CN
Guilin (Lingui),KWL,25.219828,110.039553,CN
Nanning (Jiangnan),NNG,22.608299,108.171997,CN
Shenzhen (Bao'an),SZX,22.639299,113.810997,CN
Zhengzhou,CGO,34.526497,113.849165,CN
Wuhan (Huangpi),WUH,30.774798,114.213723,CN
Haikou (Meilan),HAK,19.9349,110.459,CN
Sanya (Tianya),SYX,18.3029,109.412003,CN
Lanzhou (Yongdeng),LHW,36.515202,103.620003,CN
Xianyang (Weicheng),XIY,34.447102,108.751999,CN
Ulaanbaatar (Sergelen),UBN,47.646916,106.819833,MN
Kunming,KMG,25.110313,102.936743,CN
Xiamen,XMN,24.54400062561035,118.12799835205078,CN
Nanchang,KHN,28.864815,115.90271,CN
Fuzhou,FOC,25.934669,119.66318,CN
Hangzhou,HGH,30.23609,120.428865,CN
Jinan,TNA,36.857201,117.216003,CN
Ningbo,NGB,29.82670021057129,121.46199798583984,CN
Nanjing,NKG,31.735032,118.865949,CN
Shanghai (Pudong),PVG,31.1434,121.805,CN
Shanghai (Minhang),SHA,31.198104,121.33426,CN
Wenzhou,WNZ,27.912201,120.851997,CN
Chongqing,CKG,29.712254,106.651895,CN
Guiyang (Nanming),KWE,26.541466,106.803331,CN
Chengdu (Jianyang),TFU,30.31252,104.441284,CN
Chengdu (Shuangliu),CTU,30.558257,103.945966,CN
Ürümqi,URC,43.907100677490234,87.47419738769531,CN
Changchun,CGQ,43.996201,125.684998,CN
Harbin,HRB,45.623402,126.25,CN
"Ganjingzi, Dalian",DLC,38.965698,121.539001,CN
"Hunnan, Shenyang",SHE,41.639801,123.483002,CN
